created_at,user_id,order_id,pair,order_type,side,executed_price,executed,total,fee
2026-02-10T06:39:48.436Z,1277448070179676546,2147228537131328000,ETH/PHP,MARKET,BUY,119478.800000000000000000,0.016755000000000000,2001.867294000000000000,0.000025132500000000 ETH
2025-12-18T00:14:43.463Z,1277448070179676546,2107896828699304449,ETH/PHP,MARKET,BUY,166688.100000000000000000,0.002247000000000000,374.548160700000000000,0.000003370500000000 ETH
2025-12-18T00:14:43.463Z,1277448070179676546,2107896828699304449,ETH/PHP,MARKET,BUY,166688.200000000000000000,0.009751000000000000,1625.376638200000000000,0.000014626500000000 ETH
2025-12-14T04:03:15.144Z,1277448070179676546,2105112747657880064,ETH/PHP,MARKET,BUY,185054.600000000000000000,0.010808000000000000,2000.070116800000000000,0.000016212000000000 ETH
2025-11-28T12:58:39.147Z,1277448070179676546,2093785811660792320,ETH/PHP,MARKET,BUY,178608.800000000000000000,0.022395000000000000,3999.944076000000000000,0.000033592500000000 ETH
2025-11-20T09:29:41.633Z,1277448070179676546,2087882433588060672,ETH/PHP,MARKET,BUY,178356.000000000000000000,0.022427000000000000,3999.990012000000000000,0.000033640500000000 ETH
2025-11-13T05:49:44.592Z,1277448070179676546,2082698299076993536,ETH/PHP,MARKET,BUY,208850.400000000000000000,0.019153000000000000,4000.111711200000000000,0.000028729500000000 ETH
2025-11-06T02:56:39.211Z,1277448070179676546,2077537749665800704,ETH/PHP,MARKET,BUY,202017.600000000000000000,0.019801000000000000,4000.150497600000000000,0.000029701500000000 ETH
2025-10-30T17:31:50.178Z,1277448070179676546,2072810106089333250,ETH/PHP,MARKET,BUY,221544.900000000000000000,0.056294000000000000,12471.648600600000000000,0.000084441000000000 ETH
2025-10-27T07:43:16.900Z,1277448070179676546,2070401945340436993,ETH/PHP,MARKET,SELL,247345.300000000000000000,0.017838000000000000,4412.145461400000000000,6.618218192100000000 PHP
2025-10-24T17:42:06.313Z,1277448070179676546,2068561178980475392,ETH/PHP,LIMIT,SELL,228619.000000000000000000,0.017804000000000000,4070.332676000000000000,4.070332676000000000 PHP
2025-10-23T14:17:47.722Z,1277448070179676546,2067733719414432256,ETH/PHP,MARKET,BUY,224664.300000000000000000,0.017804000000000000,3999.923197200000000000,0.000026706000000000 ETH
2025-10-16T17:20:27.891Z,1277448070179676546,2062752229731557895,ETH/PHP,MARKET,BUY,230135.700000000000000000,0.017383000000000000,4000.448873100000000000,0.000026074500000000 ETH
2025-10-10T23:23:59.072Z,1277448070179676546,2058586535725064705,ETH/PHP,MARKET,BUY,229441.500000000000000000,0.017440000000000000,4001.459760000000000000,0.000026160000000000 ETH
2025-10-03T10:18:28.323Z,1277448070179676546,2053117749639209474,ETH/PHP,MARKET,SELL,259170.300000000000000000,0.012945000000000000,3354.959533500000000000,5.032439300250000000 PHP
2025-10-03T10:18:28.323Z,1277448070179676546,2053117749639209474,ETH/PHP,MARKET,SELL,259170.400000000000000000,0.004076000000000000,1056.378550400000000000,1.584567825600000000 PHP
2025-09-26T17:30:57.054Z,1277448070179676546,2048261888051732992,ETH/PHP,LIMIT,BUY,234770.300000000000000000,0.017038000000000000,4000.016371400000000000,0.000017038000000000 ETH
